document_id,primary_source_id,source_status,document_kind,published_date,title,first_seen_at,last_seen_at
urn:company-wiki:document-logical:sha256:cc4057361c22957050baf8fe8a70a6c2d56066323339eabb9fb7b5fe3cfee3f9,,incomplete,annual_report,2024-04-09,2023年年度报告,2026-07-26T10:31:10Z,2026-07-28T08:22:29Z
urn:company-wiki:document-logical:sha256:9567aa1521d3720c99a538085028940f63a291f0ff3b8d714fe8593e52b79f5d,,incomplete,annual_report,2022-03-30,2021年年度报告,2026-07-26T10:31:10Z,2026-07-28T08:22:29Z
urn:company-wiki:document-logical:sha256:a8df125e04a4d95dc751803ed1bd56cd87639ebcc7857abd14fd850946216856,,incomplete,annual_report,2025-04-02,2024年年度报告,2026-07-26T10:31:10Z,2026-07-28T08:22:29Z
urn:company-wiki:document-logical:sha256:695f1cff2ef0704758d8dfb596a167e698b85649a91b73d296e4b83726e92654,,incomplete,annual_report,2023-03-17,2022年年度报告,2026-07-26T10:31:10Z,2026-07-28T08:22:29Z
urn:company-wiki:document-logical:sha256:b5a7e136e8a8b496fe2264455968eb43d0e1219cd36d13299370e0218b5787cd,,incomplete,annual_report,2024-03-22,紫金矿业集团股份有限公司2023年年度报告,2026-07-26T10:31:10Z,2026-07-28T08:22:29Z
urn:company-wiki:document-logical:sha256:c285047f743efb8d8ea31180b72aeea8be6fb066ac983c44e4014515744c4af9,,incomplete,annual_report,2022-03-18,紫金矿业集团股份有限公司2021年年度报告,2026-07-26T10:31:10Z,2026-07-28T08:22:29Z
urn:company-wiki:document-logical:sha256:8380715bee86a881c4f2a383b616b426cb3d91cd09d563179869a3c853347556,,incomplete,annual_report,2023-03-24,紫金矿业集团股份有限公司2022年年度报告,2026-07-26T10:31:10Z,2026-07-28T08:22:29Z
urn:company-wiki:document-logical:sha256:ab3e2ac3f72661b4bb68191220c9ee55c1530005606af983fc2f87d66cf354de,,incomplete,annual_report,2026-03-20,紫金矿业集团股份有限公司2025年年度报告,2026-07-26T10:31:10Z,2026-07-28T08:22:29Z
urn:company-wiki:document-logical:sha256:5dbec6f3efcbf5da0f14f4872858f7a95289553ab5a737d913aa11b928437c6d,,incomplete,annual_report,2025-03-21,紫金矿业集团股份有限公司2024年年报报告,2026-07-26T10:31:10Z,2026-07-28T08:22:29Z
urn:company-wiki:document-logical:sha256:c57ee590ebc4f3c93b6ccca9006727fdb0abce27ab5d8f202572d83b69cf9eca,,incomplete,annual_report,2025-04-28,联影医疗2024年年度报告,2026-07-26T10:31:10Z,2026-07-28T08:22:29Z
urn:company-wiki:document-logical:sha256:bed4ef897bdbbef57fc8cb470e581070790c47f75a024e0e645c79200fe6559a,,incomplete,annual_report,2023-04-27,联影医疗2022年年度报告,2026-07-26T10:31:10Z,2026-07-28T08:22:29Z
urn:company-wiki:document-logical:sha256:9464d9c5ae3fd2a843a91c94658d0863abafa5002b48dc9e7c40dae56d20c5c7,,incomplete,annual_report,2024-04-26,联影医疗2023年年度报告,2026-07-26T10:31:10Z,2026-07-28T08:22:29Z
urn:company-wiki:document-logical:sha256:8bea171d33914169b4dc342bdf41e4338e1d78b8bf74b7bce6af052e6ca4d3dd,,incomplete,quarterly_report,2025-04-11,紫金矿业集团股份有限公司2025年第一季度报告,2026-07-26T10:31:10Z,2026-07-28T08:22:29Z
urn:company-wiki:document-logical:sha256:4a7fd8492a0b896e110d2f4443fdb5e1d68d9fcca6dbcd00501f16f3860b92b7,,incomplete,quarterly_report,2025-10-17,紫金矿业集团股份有限公司2025年第三季度报告,2026-07-26T10:31:10Z,2026-07-28T08:22:29Z
urn:company-wiki:document-logical:sha256:b37fac4430cb9ddfdfd72c0700733541ddf7507032f3d94e4baadc4baaa9cf9c,,incomplete,quarterly_report,2026-04-21,紫金矿业集团股份有限公司2026年第一季度报告,2026-07-26T10:31:10Z,2026-07-28T08:22:29Z
urn:company-wiki:document-logical:sha256:395932e411b908ba1e911bfda53c456c665d5d797f34bf1324fc335644bd9dd7,,incomplete,regulatory_filing,,filing_manifest,2026-07-26T10:31:10Z,2026-07-28T08:22:29Z
urn:company-wiki:document-logical:sha256:c23848baa32a7964be779a0b260a3ad3e47ab84e0ea0ac3507ae8eb141ec8df0,,incomplete,regulatory_filing,,meta,2026-07-26T10:31:10Z,2026-07-28T08:22:29Z
urn:company-wiki:document-logical:sha256:86bc42dd3e30538056c4ae4c7ee2965a5e81421c7368e1e590ee861ea76de25a,,incomplete,regulatory_filing,,filing_manifest,2026-07-26T10:31:10Z,2026-07-28T08:22:29Z
urn:company-wiki:document-logical:sha256:2180511525bf57614654e111caa1c8586fd9469e86e4b8e90d0ac8b1217579ec,,incomplete,regulatory_filing,,meta,2026-07-26T10:31:10Z,2026-07-28T08:22:29Z
urn:company-wiki:document-logical:sha256:42a8283e411bee48a04ce62caff6083f4753141b4e2f884e891e733d48a6ccb1,,incomplete,regulatory_filing,,filing_manifest,2026-07-26T10:31:10Z,2026-07-28T08:22:29Z
urn:company-wiki:document-logical:sha256:797b4fc2373da09ca801510ebdf11bc8d49de977beea676e3b336012805555a1,,incomplete,regulatory_filing,,meta,2026-07-26T10:31:10Z,2026-07-28T08:22:29Z
urn:company-wiki:document-logical:sha256:1713f780b7ef8ad9cb82f1fcdbfa95a61d1959bc0f8500029175a62d30a26661,,incomplete,regulatory_filing,,filing_manifest,2026-07-26T10:31:10Z,2026-07-28T08:22:29Z
urn:company-wiki:document-logical:sha256:42757dc86d3d2e37ed1401de260ef898cf8a5ff4301a1e35f31fcd37af806427,,incomplete,regulatory_filing,,meta,2026-07-26T10:31:10Z,2026-07-28T08:22:29Z
urn:company-wiki:document-logical:sha256:30bd3f0c71dd89c87ff8023d632d9b82b720eadbc750fb86730e39bc2283b892,,incomplete,regulatory_filing,,filing_manifest,2026-07-26T10:31:10Z,2026-07-28T08:22:29Z
urn:company-wiki:document-logical:sha256:2bfea6f3352ef883b7f8ba62bbbafd90300def0a37310de269955202aee161f7,,incomplete,regulatory_filing,,meta,2026-07-26T10:31:10Z,2026-07-28T08:22:29Z
urn:company-wiki:document-logical:sha256:e8ba69eebd023239780fb972a2e15ddb72de550475cf70ab9bb290a30d83893f,,incomplete,regulatory_filing,,filing_manifest,2026-07-26T10:31:10Z,2026-07-28T08:22:29Z
urn:company-wiki:document-logical:sha256:16c6138e7d7fd821ab40ae483c22455471ada1232c9f1f6503a9756203e6f721,,incomplete,regulatory_filing,,meta,2026-07-26T10:31:10Z,2026-07-28T08:22:29Z
urn:company-wiki:document-logical:sha256:a320f2c86edb6d83693aacede4aafaea00247273fcf0e04d20312cfa8a8c7f4d,,incomplete,regulatory_filing,,filing_manifest,2026-07-26T10:31:10Z,2026-07-28T08:22:29Z
urn:company-wiki:document-logical:sha256:cb4f6d394a8c6631384be56a8d90e41bdc8df9ef4e23796ade63d304f89e2e91,,incomplete,regulatory_filing,,meta,2026-07-26T10:31:10Z,2026-07-28T08:22:29Z
urn:company-wiki:document-logical:sha256:a6a1819ebf8a081d749cd8c97646597132b0b93f2ae7fbed426089cb4ed340d5,,incomplete,regulatory_filing,,filing_manifest,2026-07-26T10:31:10Z,2026-07-28T08:22:29Z
urn:company-wiki:document-logical:sha256:f0b5668cfc927b072201e3a4cd93ee23bde425bdfc4d433f189c0073cce0b573,,incomplete,regulatory_filing,,meta,2026-07-26T10:31:10Z,2026-07-28T08:22:29Z
urn:company-wiki:document-logical:sha256:fd6bdef154b458b1c9d55c0b3ec535762561ec3cfbeb2ff7c2a04997ebe15a6e,,incomplete,regulatory_filing,,filing_manifest,2026-07-26T10:31:10Z,2026-07-28T08:22:29Z
urn:company-wiki:document-logical:sha256:e26882ecb9f9835e7e1b26966c1035def7b348076bb9d7c0b70b60bbc6598839,,incomplete,regulatory_filing,,meta,2026-07-26T10:31:10Z,2026-07-28T08:22:29Z
urn:company-wiki:document-logical:sha256:5d3cc08cba7d405a1cb481d4fedf8f47a99b8060ac03e7c6a64d9499e5d5c844,,incomplete,regulatory_filing,,filing_manifest,2026-07-26T10:31:10Z,2026-07-28T08:22:29Z
urn:company-wiki:document-logical:sha256:bbd8444e63044f10b04a82929f25eb267ef81de4af36fc99f9dd074ddaa811ad,,incomplete,regulatory_filing,,meta,2026-07-26T10:31:10Z,2026-07-28T08:22:29Z
urn:company-wiki:document-logical:sha256:009886d1952a5654e88160af8a6b55d9916abd6bc67abb258d8bf9f4b27c3bf4,,incomplete,regulatory_filing,,filing_manifest,2026-07-26T10:31:10Z,2026-07-28T08:22:29Z
urn:company-wiki:document-logical:sha256:f0b7b2d28d8aef717dd4050b347c0074602a75b73d58b5c05a0aea1bbd0eb488,,incomplete,regulatory_filing,,meta,2026-07-26T10:31:10Z,2026-07-28T08:22:29Z
urn:company-wiki:document-logical:sha256:2b279e1bd642a999aea9393e038b0d91f6d51dbf4388e137dbf6f4290ae1d862,,incomplete,regulatory_filing,,filing_manifest,2026-07-26T10:31:10Z,2026-07-28T08:22:29Z
urn:company-wiki:document-logical:sha256:1a8bb6cb9c09a3c12b0061edd53b3dd19d06d92ba30b9010925d7744b5b4128c,,incomplete,regulatory_filing,,meta,2026-07-26T10:31:10Z,2026-07-28T08:22:29Z
urn:company-wiki:document-logical:sha256:6c633ab9aa2f3f382a2215578cd8e5fb14520ed1dcdc3143a0f513e4b2c75acb,,incomplete,regulatory_filing,,filing_manifest,2026-07-26T10:31:10Z,2026-07-28T08:22:29Z
urn:company-wiki:document-logical:sha256:b4ef9fa15446996dbc21b945f711665a6e8c679e271dccf24412a6d324a6500c,,incomplete,regulatory_filing,,meta,2026-07-26T10:31:10Z,2026-07-28T08:22:29Z
urn:company-wiki:document-logical:sha256:a03ec2361831e31b37d2c4fdbb92ea6d479efadbb48c55a703e2bcd67cec63aa,,incomplete,regulatory_filing,,filing_manifest,2026-07-26T10:31:10Z,2026-07-28T08:22:29Z
urn:company-wiki:document-logical:sha256:522e37022848aa7ad841e08c58377276ba6d721db6f01cd1ef76c942e6238273,,incomplete,regulatory_filing,,meta,2026-07-26T10:31:10Z,2026-07-28T08:22:29Z
urn:company-wiki:document-logical:sha256:696cfbd07ecaec635c4c93f17a1c1c269fe82d1f37647e25c64484a404d676e4,,incomplete,regulatory_filing,,filing_manifest,2026-07-26T10:31:10Z,2026-07-28T08:22:29Z
urn:company-wiki:document-logical:sha256:650e06e1241552b2657315c12be6dc6b459e778a1c6249109b042731808a19d0,,incomplete,regulatory_filing,,meta,2026-07-26T10:31:10Z,2026-07-28T08:22:29Z
urn:company-wiki:document-logical:sha256:715cbe6761d7e3980b326a06a6f5638c55f6593ced446026c765038798fcd7f6,,incomplete,regulatory_filing,,filing_manifest,2026-07-26T10:31:10Z,2026-07-28T08:22:29Z
urn:company-wiki:document-logical:sha256:27b8b875e9c7b1eb052a0224a814ddad255ac74195b34f2a4f84663c255fe577,,incomplete,regulatory_filing,,meta,2026-07-26T10:31:10Z,2026-07-28T08:22:29Z
urn:company-wiki:document-logical:sha256:7b7a511a222cf5fc3559d331d7cd01e46ead4b673ec4f45b9b4741a4235f940d,,incomplete,regulatory_filing,,filing_manifest,2026-07-26T10:31:10Z,2026-07-28T08:22:29Z
urn:company-wiki:document-logical:sha256:e3db1464748479cb70bf63282dbcbe5f2126d72f6d4e5aa3e208237ecd70c59b,,incomplete,regulatory_filing,,meta,2026-07-26T10:31:10Z,2026-07-28T08:22:29Z
urn:company-wiki:document-logical:sha256:201f47769c181b79631360dfe71ad6bfa8822c9e04173eb4abaa7f68aabdef4e,,incomplete,regulatory_filing,,filing_manifest,2026-07-26T10:31:10Z,2026-07-28T08:22:29Z
urn:company-wiki:document-logical:sha256:ea5c3a01e946e5823db6be226c2835f53b969956439a64f6b89b3fad0aaa05d8,,incomplete,regulatory_filing,,meta,2026-07-26T10:31:10Z,2026-07-28T08:22:29Z
urn:company-wiki:document-logical:sha256:efe262889587df8159f8062c381d472d2bc6c5aa3651fdab80223a4f9b1bb0c7,,incomplete,regulatory_filing,,filing_manifest,2026-07-26T10:31:10Z,2026-07-28T08:22:29Z
urn:company-wiki:document-logical:sha256:3e334421f2ab0b821c4b63d91ef2960f9fdeb97136bb67b07926f6ff73d4e57f,,incomplete,regulatory_filing,,meta,2026-07-26T10:31:10Z,2026-07-28T08:22:29Z
urn:company-wiki:document-logical:sha256:e175d67fa28846ab8b91e77f21247edd00f913f8b1b011768e320222172d8f8a,,incomplete,regulatory_filing,,filing_manifest,2026-07-26T10:31:10Z,2026-07-28T08:22:29Z
urn:company-wiki:document-logical:sha256:d18c9d5312148d6fed8c1b2271afc1d8d3164011b5cf87b769f457d9cea51284,,incomplete,regulatory_filing,,meta,2026-07-26T10:31:10Z,2026-07-28T08:22:29Z
urn:company-wiki:document-logical:sha256:22b77005f4573aec2a0d638cec6794229c105b1273a42deddc59dbc8076a2b63,,incomplete,regulatory_filing,,filing_manifest,2026-07-26T10:31:10Z,2026-07-28T08:22:29Z
urn:company-wiki:document-logical:sha256:bac9b04c3f98ac2720c641cdc401cfc4df4aa4875342111b5740d901ae2389b1,,incomplete,regulatory_filing,,meta,2026-07-26T10:31:10Z,2026-07-28T08:22:29Z
urn:company-wiki:document-logical:sha256:40beeb9c2169b31167e16eb08cf8fddf00da24d087334a17da58831100f435a0,,incomplete,regulatory_filing,,filing_manifest,2026-07-26T10:31:10Z,2026-07-28T08:22:29Z
urn:company-wiki:document-logical:sha256:8fd15febe974ce6c2b2dedf47d1ec46b35239b491a66e13e4a4a3b982be96791,,incomplete,regulatory_filing,,meta,2026-07-26T10:31:10Z,2026-07-28T08:22:29Z
urn:company-wiki:document-logical:sha256:6e035515ea74da38d4ccb638f718803fba98d4bd7352d5ce85da19768650fb92,,incomplete,regulatory_filing,,filing_manifest,2026-07-26T10:31:10Z,2026-07-28T08:22:29Z
urn:company-wiki:document-logical:sha256:3d10c144dfc17aac2ba853209f659fece66f5b91172f966f44189e68bf44204c,,incomplete,regulatory_filing,,meta,2026-07-26T10:31:10Z,2026-07-28T08:22:29Z
urn:company-wiki:document-logical:sha256:973a56605b10e79c270ba3dce47153639a50fdf03f7e1b9d29520a8bf1d5a771,,incomplete,regulatory_filing,,filing_manifest,2026-07-26T10:31:10Z,2026-07-28T08:22:29Z
urn:company-wiki:document-logical:sha256:f5de309579a2a1335e7c4a8159cefd2d0eb9c769c2b7e1ba3d8a5488839b7ad6,,incomplete,regulatory_filing,,meta,2026-07-26T10:31:10Z,2026-07-28T08:22:29Z
urn:company-wiki:document-logical:sha256:fd7c729cd498f0d6abe69a0cdae89ceb2cfd8122ec9b57f4adc5711e89219df1,,incomplete,regulatory_filing,,filing_manifest,2026-07-26T10:31:10Z,2026-07-28T08:22:29Z
urn:company-wiki:document-logical:sha256:510a29890c8b2e9d25f7ac4de5fa780beb98467f842c038cbb030481f8854cbb,,incomplete,regulatory_filing,,meta,2026-07-26T10:31:10Z,2026-07-28T08:22:29Z
urn:company-wiki:document-logical:sha256:2650dd446b4b0f30ef71804c1bfab46d7bcfeb9de6960ada7127b6c074e6c613,,incomplete,semi_annual_report,2025-08-26,紫金矿业集团股份有限公司2025年半年度报告,2026-07-26T10:31:10Z,2026-07-28T08:22:29Z
urn:company-wiki:document-logical:sha256:56b3cdcec7d2bb4696f58c7420aa1158b7fa9137a7cb5d754c77687e490f21bc,,quarantined,broker_research,,Product_Revenue_Forecast_Model,2026-07-26T10:31:10Z,2026-07-28T08:22:29Z
urn:company-wiki:document:sha256:fc85ce1ada058c3b2fde0036838ac9799b2bce91759fa2ea2a0a26ef3b2797c6,urn:company-wiki:source:sha256:fc85ce1ada058c3b2fde0036838ac9799b2bce91759fa2ea2a0a26ef3b2797c6,upstream_rejected,regulatory_filing,2025-06-04,primary_doc,2026-07-26T10:31:10Z,2026-07-28T08:22:29Z
urn:company-wiki:document:sha256:8aa6f8d4aa0efee7639dc1a48b44fe3ef7f73d475bd320b590734bb9891e90cb,urn:company-wiki:source:sha256:8aa6f8d4aa0efee7639dc1a48b44fe3ef7f73d475bd320b590734bb9891e90cb,upstream_rejected,regulatory_filing,2025-06-12,primary_doc,2026-07-26T10:31:10Z,2026-07-28T08:22:29Z
urn:company-wiki:document:sha256:35031eebf88c9a6b97a254cd10251bac728347bce499e6504b4c092c89894d62,urn:company-wiki:source:sha256:35031eebf88c9a6b97a254cd10251bac728347bce499e6504b4c092c89894d62,upstream_rejected,regulatory_filing,2025-11-05,caq32025,2026-07-26T10:31:10Z,2026-07-28T08:22:29Z
urn:company-wiki:document:sha256:316352c487ef4ceae6ca3c5a27eb958b39c0a575057f1d5f7e4707e991aad3fe,urn:company-wiki:source:sha256:316352c487ef4ceae6ca3c5a27eb958b39c0a575057f1d5f7e4707e991aad3fe,upstream_rejected,regulatory_filing,2026-02-03,caq42025,2026-07-26T10:31:10Z,2026-07-28T08:22:29Z
urn:company-wiki:document:sha256:f854813604ebeefeba82a330ee6b906cb9c0dda09a6e7e3ad28e95ffea6e182d,urn:company-wiki:source:sha256:f854813604ebeefeba82a330ee6b906cb9c0dda09a6e7e3ad28e95ffea6e182d,upstream_rejected,regulatory_filing,2026-02-04,novonordisk_remuneration,2026-07-26T10:31:10Z,2026-07-28T08:22:29Z
urn:company-wiki:document:sha256:43ca4295a6302ef3a5a8d9af9f25f75cf1b033a76dfc8b81823bb3eeda93725b,urn:company-wiki:source:sha256:43ca4295a6302ef3a5a8d9af9f25f75cf1b033a76dfc8b81823bb3eeda93725b,upstream_rejected,regulatory_filing,2026-05-06,caq12026,2026-07-26T10:31:10Z,2026-07-28T08:22:29Z
urn:company-wiki:document:sha256:209670cd28916b3c0e28509783a9c065d0fc2bc6eb40b87318ce1445b168e4c6,urn:company-wiki:source:sha256:209670cd28916b3c0e28509783a9c065d0fc2bc6eb40b87318ce1445b168e4c6,upstream_rejected,regulatory_filing,2025-10-21,primary_doc,2026-07-26T10:31:10Z,2026-07-28T08:22:29Z
urn:company-wiki:document:sha256:03a4519cb3e4b93505bfcf0170f50c2550e1648bb92b01e551bcfbaef6ed4111,urn:company-wiki:source:sha256:03a4519cb3e4b93505bfcf0170f50c2550e1648bb92b01e551bcfbaef6ed4111,upstream_rejected,regulatory_filing,2026-03-04,primary_doc,2026-07-26T10:31:10Z,2026-07-28T08:22:29Z
urn:company-wiki:document:sha256:821d9832557d3d23900ee3ff27c95746c4b022f50df008703ef2be9bccfe4f31,urn:company-wiki:source:sha256:821d9832557d3d23900ee3ff27c95746c4b022f50df008703ef2be9bccfe4f31,upstream_rejected,regulatory_filing,2026-04-10,primary_doc,2026-07-26T10:31:10Z,2026-07-28T08:22:29Z
urn:company-wiki:document:sha256:921e026d6497b21f2bf082cc4d7ebc0940d1ec9813bc265b118f3c46593dd2bd,urn:company-wiki:source:sha256:921e026d6497b21f2bf082cc4d7ebc0940d1ec9813bc265b118f3c46593dd2bd,upstream_rejected,regulatory_filing,2024-04-17,f6k_041524,2026-07-26T10:31:10Z,2026-07-28T08:22:29Z
urn:company-wiki:document:sha256:3c39098dcd47dadab48a33900187c3e878000050de952a6d38d42079282e3b2e,urn:company-wiki:source:sha256:3c39098dcd47dadab48a33900187c3e878000050de952a6d38d42079282e3b2e,upstream_rejected,regulatory_filing,2024-04-17,f6k_041524,2026-07-26T10:31:10Z,2026-07-28T08:22:29Z
urn:company-wiki:document:sha256:d0b5080eaa2e2b748383fad2e42240c95ae665e3b86a07e8feb7f3147f18a674,urn:company-wiki:source:sha256:d0b5080eaa2e2b748383fad2e42240c95ae665e3b86a07e8feb7f3147f18a674,upstream_rejected,regulatory_filing,2024-04-22,f6k_042224,2026-07-26T10:31:10Z,2026-07-28T08:22:29Z
urn:company-wiki:document:sha256:154e73acec8a17ffabf1f6cec967bfd7a57e0bd4d8ace888e1a022b51450ceaa,urn:company-wiki:source:sha256:154e73acec8a17ffabf1f6cec967bfd7a57e0bd4d8ace888e1a022b51450ceaa,upstream_rejected,regulatory_filing,2024-04-25,f6k_042424,2026-07-26T10:31:10Z,2026-07-28T08:22:29Z
urn:company-wiki:document:sha256:9194afbd8b3555aad3075cfdb64effa801bb0c89df1369a0f7273f8947329b2e,urn:company-wiki:source:sha256:9194afbd8b3555aad3075cfdb64effa801bb0c89df1369a0f7273f8947329b2e,upstream_rejected,regulatory_filing,2024-04-25,f6k_042424,2026-07-26T10:31:10Z,2026-07-28T08:22:29Z
urn:company-wiki:document:sha256:564f134e6aa9875fde1fe62a6de5f6861c4e1e99bb510853271aa21958f1e458,urn:company-wiki:source:sha256:564f134e6aa9875fde1fe62a6de5f6861c4e1e99bb510853271aa21958f1e458,upstream_rejected,regulatory_filing,2024-04-26,f6k_042624,2026-07-26T10:31:10Z,2026-07-28T08:22:29Z
urn:company-wiki:document:sha256:c7650765a4701e03c45225549cc16ca92f200782013729a99a5b88366a9e1c33,urn:company-wiki:source:sha256:c7650765a4701e03c45225549cc16ca92f200782013729a99a5b88366a9e1c33,upstream_rejected,regulatory_filing,2024-05-01,f6k_050124,2026-07-26T10:31:10Z,2026-07-28T08:22:29Z
urn:company-wiki:document:sha256:56f25d633bc01f5e11bad337d916008014eb8ac4ec6d59b03482c0f898b8b75c,urn:company-wiki:source:sha256:56f25d633bc01f5e11bad337d916008014eb8ac4ec6d59b03482c0f898b8b75c,upstream_rejected,regulatory_filing,2024-05-06,f6k_050324,2026-07-26T10:31:10Z,2026-07-28T08:22:29Z
urn:company-wiki:document:sha256:ea1550fe8183ee9c9569989d53b945a33cc702b0c95754f50499306f2edf9947,urn:company-wiki:source:sha256:ea1550fe8183ee9c9569989d53b945a33cc702b0c95754f50499306f2edf9947,upstream_rejected,regulatory_filing,2024-05-06,f6k_050624,2026-07-26T10:31:10Z,2026-07-28T08:22:29Z
urn:company-wiki:document:sha256:948f17cdacedfb941b7019ca1fd22a5866150c6be956ee3e04741a2468eeb161,urn:company-wiki:source:sha256:948f17cdacedfb941b7019ca1fd22a5866150c6be956ee3e04741a2468eeb161,upstream_rejected,regulatory_filing,2024-05-06,f6k_050624,2026-07-26T10:31:10Z,2026-07-28T08:22:29Z
urn:company-wiki:document:sha256:4ed3df6c3023954ca3f35d08aec23a4cca422056879178954b4b5da37b56ad07,urn:company-wiki:source:sha256:4ed3df6c3023954ca3f35d08aec23a4cca422056879178954b4b5da37b56ad07,upstream_rejected,regulatory_filing,2024-05-06,f6k_050624,2026-07-26T10:31:10Z,2026-07-28T08:22:29Z
urn:company-wiki:document:sha256:88651487ff82dd6d54ecb95da4fd040d363fe3405d96849025ea62721c5498ac,urn:company-wiki:source:sha256:88651487ff82dd6d54ecb95da4fd040d363fe3405d96849025ea62721c5498ac,upstream_rejected,regulatory_filing,2024-05-13,f6k_050824,2026-07-26T10:31:10Z,2026-07-28T08:22:29Z
urn:company-wiki:document:sha256:06c0c853e556f122779602fc263af27dff5522e49130512b0811e05059f881de,urn:company-wiki:source:sha256:06c0c853e556f122779602fc263af27dff5522e49130512b0811e05059f881de,upstream_rejected,regulatory_filing,2024-05-13,f6k_051324,2026-07-26T10:31:10Z,2026-07-28T08:22:29Z
urn:company-wiki:document:sha256:6baee3968e6733b3fc53a855d7dad10a612417f5a453ddc802c5073426a8b3b1,urn:company-wiki:source:sha256:6baee3968e6733b3fc53a855d7dad10a612417f5a453ddc802c5073426a8b3b1,upstream_rejected,regulatory_filing,2024-05-15,f6k_051524,2026-07-26T10:31:10Z,2026-07-28T08:22:29Z
urn:company-wiki:document:sha256:ace641d3a31104c4377c6ed313d611742708c5a233307b79d224b86791881caf,urn:company-wiki:source:sha256:ace641d3a31104c4377c6ed313d611742708c5a233307b79d224b86791881caf,upstream_rejected,regulatory_filing,2024-05-17,f6k_051724,2026-07-26T10:31:10Z,2026-07-28T08:22:29Z
urn:company-wiki:document:sha256:3610a69aa233c70570f230f5b6eb0d644fbc3810086eb57a766e25c70f36b929,urn:company-wiki:source:sha256:3610a69aa233c70570f230f5b6eb0d644fbc3810086eb57a766e25c70f36b929,upstream_rejected,regulatory_filing,2024-05-28,f6k_052724,2026-07-26T10:31:10Z,2026-07-28T08:22:29Z
urn:company-wiki:document:sha256:c4d259647f0863e8a630750ed8fc49c8c7e28cabcb8df32923689c00cc14fb9c,urn:company-wiki:source:sha256:c4d259647f0863e8a630750ed8fc49c8c7e28cabcb8df32923689c00cc14fb9c,upstream_rejected,regulatory_filing,2024-06-03,f6k_060324,2026-07-26T10:31:10Z,2026-07-28T08:22:29Z
urn:company-wiki:document:sha256:25e90aa2ed7798cef499f35f6ce0569f2b849252fe6686305a475e2514509f2f,urn:company-wiki:source:sha256:25e90aa2ed7798cef499f35f6ce0569f2b849252fe6686305a475e2514509f2f,upstream_rejected,regulatory_filing,2024-06-10,f6k_061024,2026-07-26T10:31:10Z,2026-07-28T08:22:29Z
urn:company-wiki:document:sha256:bdf22d2807bd75967754f2fbe07c716781f116b2efd9e2d18bf5ce65b1434f18,urn:company-wiki:source:sha256:bdf22d2807bd75967754f2fbe07c716781f116b2efd9e2d18bf5ce65b1434f18,upstream_rejected,regulatory_filing,2024-06-17,f6k_061724,2026-07-26T10:31:10Z,2026-07-28T08:22:29Z
urn:company-wiki:document:sha256:74c58e863c1decca965ccc8201e8349fbf864b491e140b3562d56677e97e7035,urn:company-wiki:source:sha256:74c58e863c1decca965ccc8201e8349fbf864b491e140b3562d56677e97e7035,upstream_rejected,regulatory_filing,2024-06-24,f6k_062424,2026-07-26T10:31:10Z,2026-07-28T08:22:29Z
urn:company-wiki:document:sha256:e62fa11802f6daeb48fbebace3797516b3c4e8faa79eab397cb429f1ff1c09ad,urn:company-wiki:source:sha256:e62fa11802f6daeb48fbebace3797516b3c4e8faa79eab397cb429f1ff1c09ad,upstream_rejected,regulatory_filing,2024-06-26,f6k_062624,2026-07-26T10:31:10Z,2026-07-28T08:22:29Z
urn:company-wiki:document:sha256:28a1b13218fc63197cec79bf63c9d80da498a641495e78e18c540ef78f6f28ca,urn:company-wiki:source:sha256:28a1b13218fc63197cec79bf63c9d80da498a641495e78e18c540ef78f6f28ca,upstream_rejected,regulatory_filing,2024-07-02,f6k_070124,2026-07-26T10:31:10Z,2026-07-28T08:22:29Z
urn:company-wiki:document:sha256:777b3ed5df91166632f3dcf4cd77d0959126c1bada574ad001b9d5a8c21c5108,urn:company-wiki:source:sha256:777b3ed5df91166632f3dcf4cd77d0959126c1bada574ad001b9d5a8c21c5108,upstream_rejected,regulatory_filing,2024-07-09,f6k_070824,2026-07-26T10:31:10Z,2026-07-28T08:22:29Z
urn:company-wiki:document:sha256:28a6420d478a0313524e35d462adc4f3af30d42597b129c1d22c316b9993cdb8,urn:company-wiki:source:sha256:28a6420d478a0313524e35d462adc4f3af30d42597b129c1d22c316b9993cdb8,upstream_rejected,regulatory_filing,2024-07-11,f6k_071024,2026-07-26T10:31:10Z,2026-07-28T08:22:29Z
urn:company-wiki:document:sha256:fe958defb021c9919c48e1b479be4054325d3e63c0d1a70e37f1127fcc71602b,urn:company-wiki:source:sha256:fe958defb021c9919c48e1b479be4054325d3e63c0d1a70e37f1127fcc71602b,upstream_rejected,regulatory_filing,2024-07-15,f6k_071524,2026-07-26T10:31:10Z,2026-07-28T08:22:29Z
urn:company-wiki:document:sha256:c7ee1d5e0c512d8bd43d430df96dbd9798db855f5fbb72073199a598dc0c4027,urn:company-wiki:source:sha256:c7ee1d5e0c512d8bd43d430df96dbd9798db855f5fbb72073199a598dc0c4027,upstream_rejected,regulatory_filing,2024-07-22,f6k_072224,2026-07-26T10:31:10Z,2026-07-28T08:22:29Z
urn:company-wiki:document:sha256:84c9a295c3b4e0a1a1572cd04a327c4424b050cb6b5d846766f8d9d166b736c0,urn:company-wiki:source:sha256:84c9a295c3b4e0a1a1572cd04a327c4424b050cb6b5d846766f8d9d166b736c0,upstream_rejected,regulatory_filing,2024-07-25,f6k_072524,2026-07-26T10:31:10Z,2026-07-28T08:22:29Z
urn:company-wiki:document:sha256:689ccbf88ff19d9ec39443c9899e39bdb3598b3c3cf9a29a0666b1b42ebc2a04,urn:company-wiki:source:sha256:689ccbf88ff19d9ec39443c9899e39bdb3598b3c3cf9a29a0666b1b42ebc2a04,upstream_rejected,regulatory_filing,2024-07-29,f6k_072924,2026-07-26T10:31:10Z,2026-07-28T08:22:29Z
urn:company-wiki:document:sha256:a9f884a45d19073b3da4c3d215082e34209b2a45bcd1204b3aa621f8c9d8b3cd,urn:company-wiki:source:sha256:a9f884a45d19073b3da4c3d215082e34209b2a45bcd1204b3aa621f8c9d8b3cd,upstream_rejected,regulatory_filing,2024-08-06,f6k_080624,2026-07-26T10:31:10Z,2026-07-28T08:22:29Z
urn:company-wiki:document:sha256:2ab758ff38210c8487dffa895b12a652d6d7bcf7f4d2e8c03a65b19072ba4a04,urn:company-wiki:source:sha256:2ab758ff38210c8487dffa895b12a652d6d7bcf7f4d2e8c03a65b19072ba4a04,upstream_rejected,regulatory_filing,2024-08-09,f6k_080824,2026-07-26T10:31:10Z,2026-07-28T08:22:29Z
urn:company-wiki:document:sha256:cb1159a8b3ce48cc4fa326f742e6a57b7a1c936596d7022f380cc8f3421ae61f,urn:company-wiki:source:sha256:cb1159a8b3ce48cc4fa326f742e6a57b7a1c936596d7022f380cc8f3421ae61f,upstream_rejected,regulatory_filing,2024-08-09,f6k_080924,2026-07-26T10:31:10Z,2026-07-28T08:22:29Z
urn:company-wiki:document:sha256:3f2f2f5ce5d12ccba633da8eaf8813b08b94d3465e0e431b58a1a4d73c6b1d20,urn:company-wiki:source:sha256:3f2f2f5ce5d12ccba633da8eaf8813b08b94d3465e0e431b58a1a4d73c6b1d20,upstream_rejected,regulatory_filing,2024-08-12,f6k_081224,2026-07-26T10:31:10Z,2026-07-28T08:22:29Z
urn:company-wiki:document:sha256:6063d5741bb16eb497297282627b3728c9b90c91994c440053cd57097b4167be,urn:company-wiki:source:sha256:6063d5741bb16eb497297282627b3728c9b90c91994c440053cd57097b4167be,upstream_rejected,regulatory_filing,2024-08-12,f6k_081224,2026-07-26T10:31:10Z,2026-07-28T08:22:29Z
urn:company-wiki:document:sha256:8c61914bc57b79df3a64d94acfb4215676aa5e875cf5de240354bd16f2e16dda,urn:company-wiki:source:sha256:8c61914bc57b79df3a64d94acfb4215676aa5e875cf5de240354bd16f2e16dda,upstream_rejected,regulatory_filing,2024-08-14,f6k_081424,2026-07-26T10:31:10Z,2026-07-28T08:22:29Z
urn:company-wiki:document:sha256:d7aa6f68277f9f38b57dbeae3c8cccd3b1bd93e695e75076c17e4bb7289d5dd3,urn:company-wiki:source:sha256:d7aa6f68277f9f38b57dbeae3c8cccd3b1bd93e695e75076c17e4bb7289d5dd3,upstream_rejected,regulatory_filing,2024-08-19,f6k_081924,2026-07-26T10:31:10Z,2026-07-28T08:22:29Z
urn:company-wiki:document:sha256:76f2a5e5e115c7279a065831f7ed1c5f429b32407d3c3f82a303ccb85bcd5cef,urn:company-wiki:source:sha256:76f2a5e5e115c7279a065831f7ed1c5f429b32407d3c3f82a303ccb85bcd5cef,upstream_rejected,regulatory_filing,2024-08-21,f6k_082024,2026-07-26T10:31:10Z,2026-07-28T08:22:29Z
urn:company-wiki:document:sha256:d5fdef8cc81c0285d83f861572c2f23856dcbae7a4e967c351affff067d62805,urn:company-wiki:source:sha256:d5fdef8cc81c0285d83f861572c2f23856dcbae7a4e967c351affff067d62805,upstream_rejected,regulatory_filing,2024-08-26,f6k_082624,2026-07-26T10:31:10Z,2026-07-28T08:22:29Z
urn:company-wiki:document:sha256:c3def7764a84c0d89fd008bd6cae2730574bccd45353c1f7494e32b96b9b450d,urn:company-wiki:source:sha256:c3def7764a84c0d89fd008bd6cae2730574bccd45353c1f7494e32b96b9b450d,upstream_rejected,regulatory_filing,2024-08-30,f6k_083024,2026-07-26T10:31:10Z,2026-07-28T08:22:29Z
urn:company-wiki:document:sha256:e017802c23886eede5b3f6e37bcdb7d7cc79b88df603cd690db76387f402d338,urn:company-wiki:source:sha256:e017802c23886eede5b3f6e37bcdb7d7cc79b88df603cd690db76387f402d338,upstream_rejected,regulatory_filing,2024-09-09,f6k_0920924,2026-07-26T10:31:10Z,2026-07-28T08:22:29Z
urn:company-wiki:document:sha256:6f9dda91a14de5d551ee5d4073d5b47e640f8a61b578fc763ba5cc7db1b593f7,urn:company-wiki:source:sha256:6f9dda91a14de5d551ee5d4073d5b47e640f8a61b578fc763ba5cc7db1b593f7,upstream_rejected,regulatory_filing,2024-09-09,f6k_0920924,2026-07-26T10:31:10Z,2026-07-28T08:22:29Z
urn:company-wiki:document:sha256:ff14179e9c9b4bcc3be8d783d6f88cc8e2dae49efa14adf7cf1136054794d39b,urn:company-wiki:source:sha256:ff14179e9c9b4bcc3be8d783d6f88cc8e2dae49efa14adf7cf1136054794d39b,upstream_rejected,regulatory_filing,2024-09-16,f6k_091624,2026-07-26T10:31:10Z,2026-07-28T08:22:29Z
urn:company-wiki:document:sha256:0cae9c35481ee5ea137b4f134794368baf5a22d6ccdbd49c8c2aa5ea35f55517,urn:company-wiki:source:sha256:0cae9c35481ee5ea137b4f134794368baf5a22d6ccdbd49c8c2aa5ea35f55517,upstream_rejected,regulatory_filing,2024-09-20,f6k_092024,2026-07-26T10:31:10Z,2026-07-28T08:22:29Z
urn:company-wiki:document:sha256:baaa01ae567e849114eb6eec5d95c347ce56019bdd5ddc138341847577d7f7c2,urn:company-wiki:source:sha256:baaa01ae567e849114eb6eec5d95c347ce56019bdd5ddc138341847577d7f7c2,upstream_rejected,regulatory_filing,2024-09-24,f6k_092324,2026-07-26T10:31:10Z,2026-07-28T08:22:29Z
urn:company-wiki:document:sha256:57c9a039ab7865d858088d11a32f35f4602d8deea57343f5aefff05e9a258d23,urn:company-wiki:source:sha256:57c9a039ab7865d858088d11a32f35f4602d8deea57343f5aefff05e9a258d23,upstream_rejected,regulatory_filing,2024-09-30,f6k_093024,2026-07-26T10:31:10Z,2026-07-28T08:22:29Z
urn:company-wiki:document:sha256:90a7a607a126f3c791fa84bfa12f05630cdae60c92739a0cb0693238d1a64a2c,urn:company-wiki:source:sha256:90a7a607a126f3c791fa84bfa12f05630cdae60c92739a0cb0693238d1a64a2c,upstream_rejected,regulatory_filing,2024-10-07,f6k_100724,2026-07-26T10:31:10Z,2026-07-28T08:22:29Z
urn:company-wiki:document:sha256:42655fe685c731e212c919893bbb2f087c04f1cdca6ac32abfb9ba3fbd084639,urn:company-wiki:source:sha256:42655fe685c731e212c919893bbb2f087c04f1cdca6ac32abfb9ba3fbd084639,upstream_rejected,regulatory_filing,2024-10-15,f6k_101424,2026-07-26T10:31:10Z,2026-07-28T08:22:29Z
urn:company-wiki:document:sha256:aa60d5e8335e39a0dc5458adcdccfd92e8c61bdf55f0e78cb574048ca2df609c,urn:company-wiki:source:sha256:aa60d5e8335e39a0dc5458adcdccfd92e8c61bdf55f0e78cb574048ca2df609c,upstream_rejected,regulatory_filing,2024-10-21,f6k_102124,2026-07-26T10:31:10Z,2026-07-28T08:22:29Z
urn:company-wiki:document:sha256:343c2d245bdeb2d34ebcaf41be472ac60b5c145ecb55548ffbd74f7cb8782813,urn:company-wiki:source:sha256:343c2d245bdeb2d34ebcaf41be472ac60b5c145ecb55548ffbd74f7cb8782813,upstream_rejected,regulatory_filing,2024-10-21,f6k_102124,2026-07-26T10:31:10Z,2026-07-28T08:22:29Z
urn:company-wiki:document:sha256:1f360a5f0d31e44fc5d93c52559b5490f1f27f40e283f0476cff5cb385578d44,urn:company-wiki:source:sha256:1f360a5f0d31e44fc5d93c52559b5490f1f27f40e283f0476cff5cb385578d44,upstream_rejected,regulatory_filing,2024-10-28,f6k_102824,2026-07-26T10:31:10Z,2026-07-28T08:22:29Z
urn:company-wiki:document:sha256:e276a6209b61345e797ef3e9f4daf32e8a908ebd36fb222eb5dc37e6804a88ee,urn:company-wiki:source:sha256:e276a6209b61345e797ef3e9f4daf32e8a908ebd36fb222eb5dc37e6804a88ee,upstream_rejected,regulatory_filing,2024-11-01,f6k_110124,2026-07-26T10:31:10Z,2026-07-28T08:22:29Z
urn:company-wiki:document:sha256:695e020c6f8437cadde5af485cfd0fad52504f1bd4bea36459c4f2e8033c61ce,urn:company-wiki:source:sha256:695e020c6f8437cadde5af485cfd0fad52504f1bd4bea36459c4f2e8033c61ce,upstream_rejected,regulatory_filing,2024-11-05,f6k_110524,2026-07-26T10:31:10Z,2026-07-28T08:22:29Z
urn:company-wiki:document:sha256:d3e998a098c6b12b7bd9bf6caedae0d0e7f5d750ce3af12181999ef8b969fd63,urn:company-wiki:source:sha256:d3e998a098c6b12b7bd9bf6caedae0d0e7f5d750ce3af12181999ef8b969fd63,upstream_rejected,regulatory_filing,2024-11-07,f6k_110724,2026-07-26T10:31:10Z,2026-07-28T08:22:29Z
urn:company-wiki:document:sha256:a435c066970d44ea6b4e56c1ddeb1e66f23e13fb1039c38a311b8615895ceda7,urn:company-wiki:source:sha256:a435c066970d44ea6b4e56c1ddeb1e66f23e13fb1039c38a311b8615895ceda7,upstream_rejected,regulatory_filing,2024-11-08,f6k_110824,2026-07-26T10:31:10Z,2026-07-28T08:22:29Z
urn:company-wiki:document:sha256:136dc23be859ba7494001e1b1f081ea4a385bdf8557ba1adbb699294fa6287c7,urn:company-wiki:source:sha256:136dc23be859ba7494001e1b1f081ea4a385bdf8557ba1adbb699294fa6287c7,upstream_rejected,regulatory_filing,2024-11-08,f6k_110824ca84,2026-07-26T10:31:10Z,2026-07-28T08:22:29Z
urn:company-wiki:document:sha256:352cc0086d2c1dc28e48e94b8968bc1cc5398015328d4e9f6ac2872cc2081f02,urn:company-wiki:source:sha256:352cc0086d2c1dc28e48e94b8968bc1cc5398015328d4e9f6ac2872cc2081f02,upstream_rejected,regulatory_filing,2024-11-08,f6k_110824,2026-07-26T10:31:10Z,2026-07-28T08:22:29Z
urn:company-wiki:document:sha256:0333d17b060a7106aa9134399104c8ab230204aed4f4602918f0e46da5435e1f,urn:company-wiki:source:sha256:0333d17b060a7106aa9134399104c8ab230204aed4f4602918f0e46da5435e1f,upstream_rejected,regulatory_filing,2024-11-08,f6k_110824ca86,2026-07-26T10:31:10Z,2026-07-28T08:22:29Z
urn:company-wiki:document:sha256:1454ecad413e5852fc2f68f732bbf4e16f981d98c6ea9f9d6d6fe777e01471ae,urn:company-wiki:source:sha256:1454ecad413e5852fc2f68f732bbf4e16f981d98c6ea9f9d6d6fe777e01471ae,upstream_rejected,regulatory_filing,2024-11-13,f6k_111224,2026-07-26T10:31:10Z,2026-07-28T08:22:29Z
urn:company-wiki:document:sha256:e9abfd05289dd503d639388bef82c530968a55eefaaa5b5469959eac0bf8d2d0,urn:company-wiki:source:sha256:e9abfd05289dd503d639388bef82c530968a55eefaaa5b5469959eac0bf8d2d0,upstream_rejected,regulatory_filing,2024-11-14,f6k_111324,2026-07-26T10:31:10Z,2026-07-28T08:22:29Z
urn:company-wiki:document:sha256:4ea75c78a70fee25c8053b685e458230cd7d2b807d16638e6d892c8054dfe19f,urn:company-wiki:source:sha256:4ea75c78a70fee25c8053b685e458230cd7d2b807d16638e6d892c8054dfe19f,upstream_rejected,regulatory_filing,2024-11-18,f6k_111824,2026-07-26T10:31:10Z,2026-07-28T08:22:29Z
urn:company-wiki:document:sha256:5b5d9fc076436d094c964ea443c48d7877b2b41056315fd16809b3785d090d9e,urn:company-wiki:source:sha256:5b5d9fc076436d094c964ea443c48d7877b2b41056315fd16809b3785d090d9e,upstream_rejected,regulatory_filing,2024-11-19,f6k_111924,2026-07-26T10:31:10Z,2026-07-28T08:22:29Z
urn:company-wiki:document:sha256:05a4e7343747eefb0601e066af4beae37c5c9fa9045b213192311a72259393a6,urn:company-wiki:source:sha256:05a4e7343747eefb0601e066af4beae37c5c9fa9045b213192311a72259393a6,upstream_rejected,regulatory_filing,2024-11-25,f6k_112524,2026-07-26T10:31:10Z,2026-07-28T08:22:29Z
urn:company-wiki:document:sha256:711dd193b575a8ba1386143dd12c7c54a7350cb113e9340bff08169dcc84b181,urn:company-wiki:source:sha256:711dd193b575a8ba1386143dd12c7c54a7350cb113e9340bff08169dcc84b181,upstream_rejected,regulatory_filing,2024-12-02,f6k_120224,2026-07-26T10:31:10Z,2026-07-28T08:22:29Z
urn:company-wiki:document:sha256:733a9349f97442218f59ad1f1e6211ebce9b453fe81b5c5dd712e9faae1af3c4,urn:company-wiki:source:sha256:733a9349f97442218f59ad1f1e6211ebce9b453fe81b5c5dd712e9faae1af3c4,upstream_rejected,regulatory_filing,2024-12-06,f6k_120624,2026-07-26T10:31:10Z,2026-07-28T08:22:29Z
urn:company-wiki:document:sha256:06bb98e0c721fab079c364e41930155b13ea141ea349cd27ad63c7471ddf2501,urn:company-wiki:source:sha256:06bb98e0c721fab079c364e41930155b13ea141ea349cd27ad63c7471ddf2501,upstream_rejected,regulatory_filing,2024-12-09,f6k_120924,2026-07-26T10:31:10Z,2026-07-28T08:22:29Z
urn:company-wiki:document:sha256:c6151b4dbd6aa2d0b42793575052d2f4de48bc0f343435ac0a5eb7d671b7d8aa,urn:company-wiki:source:sha256:c6151b4dbd6aa2d0b42793575052d2f4de48bc0f343435ac0a5eb7d671b7d8aa,upstream_rejected,regulatory_filing,2024-12-13,f6k_121224,2026-07-26T10:31:10Z,2026-07-28T08:22:29Z
urn:company-wiki:document:sha256:58fd1b3a34fdb050412854e0f211f0db8f6a446086c65d156b2558ee008e1651,urn:company-wiki:source:sha256:58fd1b3a34fdb050412854e0f211f0db8f6a446086c65d156b2558ee008e1651,upstream_rejected,regulatory_filing,2024-12-16,f6k_121424,2026-07-26T10:31:10Z,2026-07-28T08:22:29Z
urn:company-wiki:document:sha256:9abf0b9ed528e3de52fd471fd472168c912c364e7cacd105c9fb372f42fe740c,urn:company-wiki:source:sha256:9abf0b9ed528e3de52fd471fd472168c912c364e7cacd105c9fb372f42fe740c,upstream_rejected,regulatory_filing,2024-12-16,f6k_121624,2026-07-26T10:31:10Z,2026-07-28T08:22:29Z
urn:company-wiki:document:sha256:759129cede2cb3c88ed72c10cb1f7867070d5f09f10350250b7408b1d43f5cd5,urn:company-wiki:source:sha256:759129cede2cb3c88ed72c10cb1f7867070d5f09f10350250b7408b1d43f5cd5,upstream_rejected,regulatory_filing,2024-12-18,f6k_121824,2026-07-26T10:31:10Z,2026-07-28T08:22:29Z
urn:company-wiki:document:sha256:d9cc74a7b70745831d7643318309e711f6e9d730ff21e8143b93e76b22bd66f3,urn:company-wiki:source:sha256:d9cc74a7b70745831d7643318309e711f6e9d730ff21e8143b93e76b22bd66f3,upstream_rejected,regulatory_filing,2024-12-20,f6k_122024,2026-07-26T10:31:10Z,2026-07-28T08:22:29Z
urn:company-wiki:document:sha256:25cdaae36f11595c3c5366e8cde6b5582d98e39e78c5ac74260d74e74b4e1feb,urn:company-wiki:source:sha256:25cdaae36f11595c3c5366e8cde6b5582d98e39e78c5ac74260d74e74b4e1feb,upstream_rejected,regulatory_filing,2024-12-20,f6k_122024,2026-07-26T10:31:10Z,2026-07-28T08:22:29Z
urn:company-wiki:document:sha256:693de481b34acfcf82fb9d7cd7e72d54e1d9f15e36061ada315755f0d358f4af,urn:company-wiki:source:sha256:693de481b34acfcf82fb9d7cd7e72d54e1d9f15e36061ada315755f0d358f4af,upstream_rejected,regulatory_filing,2025-01-15,f6k_011325,2026-07-26T10:31:10Z,2026-07-28T08:22:29Z
urn:company-wiki:document:sha256:11fde0ef02797587edd8a173b1de76c2c5ef585907668cc3d52a949abd99981d,urn:company-wiki:source:sha256:11fde0ef02797587edd8a173b1de76c2c5ef585907668cc3d52a949abd99981d,upstream_rejected,regulatory_filing,2025-01-17,f6k_011725,2026-07-26T10:31:10Z,2026-07-28T08:22:29Z
urn:company-wiki:document:sha256:09f243e507bf93abde047f79624d690fd5c57ce1dd16e7e9e1b012ebfd9712f8,urn:company-wiki:source:sha256:09f243e507bf93abde047f79624d690fd5c57ce1dd16e7e9e1b012ebfd9712f8,upstream_rejected,regulatory_filing,2025-01-21,f6k_012025,2026-07-26T10:31:10Z,2026-07-28T08:22:29Z
urn:company-wiki:document:sha256:71b935b36c0af7dd6b1b8201920506b03107a96f4607c9eb3b47acdd794889e4,urn:company-wiki:source:sha256:71b935b36c0af7dd6b1b8201920506b03107a96f4607c9eb3b47acdd794889e4,upstream_rejected,regulatory_filing,2025-01-24,f6k_012425,2026-07-26T10:31:10Z,2026-07-28T08:22:29Z
urn:company-wiki:document:sha256:511cb8eca3c0bb91147f7e6c30827bf109a6a466ee756ff7d93cb4a58b531745,urn:company-wiki:source:sha256:511cb8eca3c0bb91147f7e6c30827bf109a6a466ee756ff7d93cb4a58b531745,upstream_rejected,regulatory_filing,2025-01-27,f6k_012725,2026-07-26T10:31:10Z,2026-07-28T08:22:29Z
urn:company-wiki:document:sha256:1e1147e8a9292ecdf4b264de03f6cdb0af0aa0580bddeccbee01211273f83192,urn:company-wiki:source:sha256:1e1147e8a9292ecdf4b264de03f6cdb0af0aa0580bddeccbee01211273f83192,upstream_rejected,regulatory_filing,2025-02-04,f6k_020425,2026-07-26T10:31:10Z,2026-07-28T08:22:29Z
urn:company-wiki:document:sha256:16b99e31bb2de50741fe1834e805c9a8d9dc8a5a39d9697d7c5786575233e884,urn:company-wiki:source:sha256:16b99e31bb2de50741fe1834e805c9a8d9dc8a5a39d9697d7c5786575233e884,upstream_rejected,regulatory_filing,2025-02-06,f6k_020625,2026-07-26T10:31:10Z,2026-07-28T08:22:29Z
urn:company-wiki:document:sha256:b37be7e1a70838c2011ef39ca1a77684befa4a6cf0276a18a2e6ee4160a08d23,urn:company-wiki:source:sha256:b37be7e1a70838c2011ef39ca1a77684befa4a6cf0276a18a2e6ee4160a08d23,upstream_rejected,regulatory_filing,2025-02-07,f6k_020725,2026-07-26T10:31:10Z,2026-07-28T08:22:29Z
urn:company-wiki:document:sha256:3ad27d92770928fc17356a47c56f01207926fbb0777f8de7512d66e9498aa486,urn:company-wiki:source:sha256:3ad27d92770928fc17356a47c56f01207926fbb0777f8de7512d66e9498aa486,upstream_rejected,regulatory_filing,2025-02-27,f6k_022725,2026-07-26T10:31:10Z,2026-07-28T08:22:29Z
urn:company-wiki:document:sha256:913e7c70b8b79eb58ee7dff0d690b088017fd03be03d720fe63820317158232b,urn:company-wiki:source:sha256:913e7c70b8b79eb58ee7dff0d690b088017fd03be03d720fe63820317158232b,upstream_rejected,regulatory_filing,2025-03-10,f6k_031025,2026-07-26T10:31:10Z,2026-07-28T08:22:29Z
urn:company-wiki:document:sha256:97801d2ac7dc045949be0bacd55e4c15c3f84f0413dbca889bc45b091db2d23b,urn:company-wiki:source:sha256:97801d2ac7dc045949be0bacd55e4c15c3f84f0413dbca889bc45b091db2d23b,upstream_rejected,regulatory_filing,2025-03-31,f6k_032725,2026-07-26T10:31:10Z,2026-07-28T08:22:29Z
urn:company-wiki:document:sha256:27e9a34744d26d08da19644c4d5e08172ea6ea9f6515a4c0bfeb2496db42ec08,urn:company-wiki:source:sha256:27e9a34744d26d08da19644c4d5e08172ea6ea9f6515a4c0bfeb2496db42ec08,upstream_rejected,regulatory_filing,2025-04-03,f6k_040325,2026-07-26T10:31:10Z,2026-07-28T08:22:29Z
urn:company-wiki:document:sha256:28800321f4345512d616076f0edf8a087aafdf600b5a42b8df36d868d022a774,urn:company-wiki:source:sha256:28800321f4345512d616076f0edf8a087aafdf600b5a42b8df36d868d022a774,upstream_rejected,regulatory_filing,2025-05-09,f6k_050925,2026-07-26T10:31:10Z,2026-07-28T08:22:29Z
urn:company-wiki:document:sha256:86f98469d50fa94c5f7688ea20a596196e93ac461585e644d9609d71511d0b14,urn:company-wiki:source:sha256:86f98469d50fa94c5f7688ea20a596196e93ac461585e644d9609d71511d0b14,upstream_rejected,regulatory_filing,2025-05-16,f6k_051625,2026-07-26T10:31:10Z,2026-07-28T08:22:29Z
urn:company-wiki:document:sha256:86444ad447b91e7b617e7ca676547e4b30fd9bc4d9fa4cc8db3d54082fc8e25f,urn:company-wiki:source:sha256:86444ad447b91e7b617e7ca676547e4b30fd9bc4d9fa4cc8db3d54082fc8e25f,upstream_rejected,regulatory_filing,2025-06-13,f6k_061225,2026-07-26T10:31:10Z,2026-07-28T08:22:29Z
urn:company-wiki:document:sha256:57d6adb0514caf4d5ddc15991353a47f10dfb101d902164f515021ccf4e91944,urn:company-wiki:source:sha256:57d6adb0514caf4d5ddc15991353a47f10dfb101d902164f515021ccf4e91944,upstream_rejected,regulatory_filing,2025-07-29,f6k_072925,2026-07-26T10:31:10Z,2026-07-28T08:22:29Z
urn:company-wiki:document:sha256:265700f708a46b09322cea2b26da62d69b8171a338939475b743913c6c397506,urn:company-wiki:source:sha256:265700f708a46b09322cea2b26da62d69b8171a338939475b743913c6c397506,upstream_rejected,regulatory_filing,2025-07-29,f6k_072925,2026-07-26T10:31:10Z,2026-07-28T08:22:29Z
urn:company-wiki:document:sha256:3d928816579b2b090c0f4e5e51cef53d4e46ce6ccfaff6c8f9ac142419021186,urn:company-wiki:source:sha256:3d928816579b2b090c0f4e5e51cef53d4e46ce6ccfaff6c8f9ac142419021186,upstream_rejected,regulatory_filing,2025-08-04,f6k_080425,2026-07-26T10:31:10Z,2026-07-28T08:22:29Z
urn:company-wiki:document:sha256:04c56cbd67249eb27a409f6ac0aabbd41926c3b830f23215dd0355a56bd5df39,urn:company-wiki:source:sha256:04c56cbd67249eb27a409f6ac0aabbd41926c3b830f23215dd0355a56bd5df39,upstream_rejected,regulatory_filing,2025-08-08,f6k_080725,2026-07-26T10:31:10Z,2026-07-28T08:22:29Z
urn:company-wiki:document:sha256:942b0d714b66d537525ab0d4962c635f77b6a9ee16408ca13eb3da4e9a562032,urn:company-wiki:source:sha256:942b0d714b66d537525ab0d4962c635f77b6a9ee16408ca13eb3da4e9a562032,upstream_rejected,regulatory_filing,2025-08-08,f6k_080825,2026-07-26T10:31:10Z,2026-07-28T08:22:29Z
urn:company-wiki:document:sha256:e2589bb036598bcfc51c4ac82eb0f73d0fda7fbfcf741bb9c0f1be6f4e2ed52f,urn:company-wiki:source:sha256:e2589bb036598bcfc51c4ac82eb0f73d0fda7fbfcf741bb9c0f1be6f4e2ed52f,upstream_rejected,regulatory_filing,2025-08-14,f6k_081225,2026-07-26T10:31:10Z,2026-07-28T08:22:29Z
urn:company-wiki:document:sha256:0cb2abfba568909cbe3f9643410bbdb9415dc1a91d14d78f5a7ff14c1ffe55e0,urn:company-wiki:source:sha256:0cb2abfba568909cbe3f9643410bbdb9415dc1a91d14d78f5a7ff14c1ffe55e0,upstream_rejected,regulatory_filing,2025-08-18,f6k_081525,2026-07-26T10:31:10Z,2026-07-28T08:22:29Z
urn:company-wiki:document:sha256:9997e20eca769c0f4edc84911b773da8e1a54759fab5aac3618646d0ccb5a933,urn:company-wiki:source:sha256:9997e20eca769c0f4edc84911b773da8e1a54759fab5aac3618646d0ccb5a933,upstream_rejected,regulatory_filing,2025-08-19,f6k_081925,2026-07-26T10:31:10Z,2026-07-28T08:22:29Z
urn:company-wiki:document:sha256:6963811ce5dc7d4175ed254705e5417210b9914bdd297076ce4206e7176e3444,urn:company-wiki:source:sha256:6963811ce5dc7d4175ed254705e5417210b9914bdd297076ce4206e7176e3444,upstream_rejected,regulatory_filing,2025-09-10,f6k_091025,2026-07-26T10:31:10Z,2026-07-28T08:22:29Z
urn:company-wiki:document:sha256:7da6ef4eba3539fd2399caa52eabdc8b5742485a222c31d46443db35bc2f77f6,urn:company-wiki:source:sha256:7da6ef4eba3539fd2399caa52eabdc8b5742485a222c31d46443db35bc2f77f6,upstream_rejected,regulatory_filing,2025-10-09,f6k_100925,2026-07-26T10:31:10Z,2026-07-28T08:22:29Z
urn:company-wiki:document:sha256:e4b160325effe2567ef639d7fb03f98c14ff5d7804b89d06fdc90205106773b9,urn:company-wiki:source:sha256:e4b160325effe2567ef639d7fb03f98c14ff5d7804b89d06fdc90205106773b9,upstream_rejected,regulatory_filing,2025-10-21,f6k_102125,2026-07-26T10:31:10Z,2026-07-28T08:22:29Z
urn:company-wiki:document:sha256:f7d828922a90e23d85dbdcd27b7efbb23715a4740b1b69411977ec74c62f913a,urn:company-wiki:source:sha256:f7d828922a90e23d85dbdcd27b7efbb23715a4740b1b69411977ec74c62f913a,upstream_rejected,regulatory_filing,2025-10-21,f6k_102125,2026-07-26T10:31:10Z,2026-07-28T08:22:29Z
urn:company-wiki:document:sha256:b9d3ec4dd68df0a20f0a010e42494b12ca69ac7b8311e555099954a6b241ea7c,urn:company-wiki:source:sha256:b9d3ec4dd68df0a20f0a010e42494b12ca69ac7b8311e555099954a6b241ea7c,upstream_rejected,regulatory_filing,2025-10-30,f6k_103025,2026-07-26T10:31:10Z,2026-07-28T08:22:29Z
urn:company-wiki:document:sha256:109465e5a05d53d087866f0d084c5a8885d4dd59e5ffdf87d3b03e5a388ee7a1,urn:company-wiki:source:sha256:109465e5a05d53d087866f0d084c5a8885d4dd59e5ffdf87d3b03e5a388ee7a1,upstream_rejected,regulatory_filing,2025-11-07,f6k_110625,2026-07-26T10:31:10Z,2026-07-28T08:22:29Z
urn:company-wiki:document:sha256:c8520418ed10d153396954eebba1101753dc79bfa956ce4b8218bd749c1af8b1,urn:company-wiki:source:sha256:c8520418ed10d153396954eebba1101753dc79bfa956ce4b8218bd749c1af8b1,upstream_rejected,regulatory_filing,2025-11-12,f6k_111125,2026-07-26T10:31:10Z,2026-07-28T08:22:29Z
urn:company-wiki:document:sha256:081305b2c7f4a9ee3dbc136601c2ea85291596d88fb0b1807609e78267a5e6e9,urn:company-wiki:source:sha256:081305b2c7f4a9ee3dbc136601c2ea85291596d88fb0b1807609e78267a5e6e9,upstream_rejected,regulatory_filing,2025-11-14,f6k_111325,2026-07-26T10:31:10Z,2026-07-28T08:22:29Z
urn:company-wiki:document:sha256:9cf4b5cbe631f0f63c435372a888baa64f5aaeef3db49e8cc589c97bda8e3eb6,urn:company-wiki:source:sha256:9cf4b5cbe631f0f63c435372a888baa64f5aaeef3db49e8cc589c97bda8e3eb6,upstream_rejected,regulatory_filing,2025-11-14,f6k_111425,2026-07-26T10:31:10Z,2026-07-28T08:22:29Z
urn:company-wiki:document:sha256:c16eca5f91213d440a6b774daf04a5fa974a4f894b9fb3fead85a08f39f888ea,urn:company-wiki:source:sha256:c16eca5f91213d440a6b774daf04a5fa974a4f894b9fb3fead85a08f39f888ea,upstream_rejected,regulatory_filing,2025-11-17,f6k_111725,2026-07-26T10:31:10Z,2026-07-28T08:22:29Z
urn:company-wiki:document:sha256:9001ea8aeb91571cd9e02d132b270840c7cb3c45144e6b415ab003748a86c09e,urn:company-wiki:source:sha256:9001ea8aeb91571cd9e02d132b270840c7cb3c45144e6b415ab003748a86c09e,upstream_rejected,regulatory_filing,2025-11-24,f6k_112425,2026-07-26T10:31:10Z,2026-07-28T08:22:29Z
urn:company-wiki:document:sha256:41bde60456481cd3880bcd7f68d8b6fa51c733c38e3161cd61317285f7ebabe4,urn:company-wiki:source:sha256:41bde60456481cd3880bcd7f68d8b6fa51c733c38e3161cd61317285f7ebabe4,upstream_rejected,regulatory_filing,2025-11-25,f6k_112525,2026-07-26T10:31:10Z,2026-07-28T08:22:29Z
urn:company-wiki:document:sha256:87905fdf117e1031e58151a0e6d0080a610243bf31e28bb36a56c4da4a486d91,urn:company-wiki:source:sha256:87905fdf117e1031e58151a0e6d0080a610243bf31e28bb36a56c4da4a486d91,upstream_rejected,regulatory_filing,2025-12-23,f6k_122225,2026-07-26T10:31:10Z,2026-07-28T08:22:29Z
urn:company-wiki:document:sha256:26aa777958ba27fe9b4a923b43e7be3b3ae5b9fc50c2a48f6d30e11a41ab1119,urn:company-wiki:source:sha256:26aa777958ba27fe9b4a923b43e7be3b3ae5b9fc50c2a48f6d30e11a41ab1119,upstream_rejected,regulatory_filing,2026-02-02,f6k_020226,2026-07-26T10:31:10Z,2026-07-28T08:22:29Z
urn:company-wiki:document:sha256:90047e393d5e5d0c0bdf9c679949c7fed53b7d39a61556fa83fa0aa308196751,urn:company-wiki:source:sha256:90047e393d5e5d0c0bdf9c679949c7fed53b7d39a61556fa83fa0aa308196751,upstream_rejected,regulatory_filing,2026-02-02,f6k_020226,2026-07-26T10:31:10Z,2026-07-28T08:22:29Z
urn:company-wiki:document:sha256:f0e5a5245bea2238e97c5b2fc81a2de6aff045eb1e95c3a331f9410913b62a58,urn:company-wiki:source:sha256:f0e5a5245bea2238e97c5b2fc81a2de6aff045eb1e95c3a331f9410913b62a58,upstream_rejected,regulatory_filing,2026-02-03,f6k_020326,2026-07-26T10:31:10Z,2026-07-28T08:22:29Z
urn:company-wiki:document:sha256:e3fe587d3e1ba7aabbd8c5ca2f4baede4efc6b50ed6ab0c5d07479bea8a504ef,urn:company-wiki:source:sha256:e3fe587d3e1ba7aabbd8c5ca2f4baede4efc6b50ed6ab0c5d07479bea8a504ef,upstream_rejected,regulatory_filing,2026-02-05,f6k_020426,2026-07-26T10:31:10Z,2026-07-28T08:22:29Z
urn:company-wiki:document:sha256:f8bb33b4b503ac7fe604e0fa3ca6b770762e02d13393eb5f10ba640be22d13ef,urn:company-wiki:source:sha256:f8bb33b4b503ac7fe604e0fa3ca6b770762e02d13393eb5f10ba640be22d13ef,upstream_rejected,regulatory_filing,2026-02-05,f6k_020426,2026-07-26T10:31:10Z,2026-07-28T08:22:29Z
urn:company-wiki:document:sha256:d89e4b97eea757cb0d3c49d2f2722fd0ec4ed14ada459ce49a602ae4d488a2bf,urn:company-wiki:source:sha256:d89e4b97eea757cb0d3c49d2f2722fd0ec4ed14ada459ce49a602ae4d488a2bf,upstream_rejected,regulatory_filing,2026-02-05,f6k_020426,2026-07-26T10:31:10Z,2026-07-28T08:22:29Z
urn:company-wiki:document:sha256:b950b9503625d6dfa62941877396a9a812b383b5cbc16dd75f388932fe3b4b49,urn:company-wiki:source:sha256:b950b9503625d6dfa62941877396a9a812b383b5cbc16dd75f388932fe3b4b49,upstream_rejected,regulatory_filing,2026-02-09,f6k_020926,2026-07-26T10:31:10Z,2026-07-28T08:22:29Z
urn:company-wiki:document:sha256:ed569e18e9f05198f636f7e850d16678dae3c640240005945e862e85030e652f,urn:company-wiki:source:sha256:ed569e18e9f05198f636f7e850d16678dae3c640240005945e862e85030e652f,upstream_rejected,regulatory_filing,2026-02-10,f6k_021026,2026-07-26T10:31:10Z,2026-07-28T08:22:29Z
urn:company-wiki:document:sha256:5a9998431de5359e4f477aebdbb48bf45c4b606b7f9e047164843222c726e059,urn:company-wiki:source:sha256:5a9998431de5359e4f477aebdbb48bf45c4b606b7f9e047164843222c726e059,upstream_rejected,regulatory_filing,2026-02-11,f6k_021126,2026-07-26T10:31:10Z,2026-07-28T08:22:29Z
urn:company-wiki:document:sha256:d7b3c2fd6754ea9d2bfe502211d8a62b435c9c3ae8cf86dda872895a42bb1491,urn:company-wiki:source:sha256:d7b3c2fd6754ea9d2bfe502211d8a62b435c9c3ae8cf86dda872895a42bb1491,upstream_rejected,regulatory_filing,2026-02-17,f6k_021626,2026-07-26T10:31:10Z,2026-07-28T08:22:29Z
urn:company-wiki:document:sha256:012d82279a1e46851815365e989ce60fa9d4441302916b75a5423011a22b83c6,urn:company-wiki:source:sha256:012d82279a1e46851815365e989ce60fa9d4441302916b75a5423011a22b83c6,upstream_rejected,regulatory_filing,2026-02-20,f6k_022026,2026-07-26T10:31:10Z,2026-07-28T08:22:29Z
urn:company-wiki:document:sha256:8a1d1f25edc994f83d584d5896187280059c06dc92eb6e7bc390023d43f8163c,urn:company-wiki:source:sha256:8a1d1f25edc994f83d584d5896187280059c06dc92eb6e7bc390023d43f8163c,upstream_rejected,regulatory_filing,2026-02-23,f6k_022326,2026-07-26T10:31:10Z,2026-07-28T08:22:29Z
urn:company-wiki:document:sha256:1c432eada38993ebbbd9ecec7281868d1c2788fcbd40cf6b4c4a3ca318d2d85c,urn:company-wiki:source:sha256:1c432eada38993ebbbd9ecec7281868d1c2788fcbd40cf6b4c4a3ca318d2d85c,upstream_rejected,regulatory_filing,2026-02-23,f6k_022326,2026-07-26T10:31:10Z,2026-07-28T08:22:29Z
urn:company-wiki:document:sha256:b88bc4e146e8e44ed31736f74a3b003d52b89de3be33751781323040e5b514e7,urn:company-wiki:source:sha256:b88bc4e146e8e44ed31736f74a3b003d52b89de3be33751781323040e5b514e7,upstream_rejected,regulatory_filing,2026-03-02,f6k_030226,2026-07-26T10:31:10Z,2026-07-28T08:22:29Z
urn:company-wiki:document:sha256:da42f626b2700331da792d25c4fb3e0b7085787391eb33163bc71cbd85c2fe01,urn:company-wiki:source:sha256:da42f626b2700331da792d25c4fb3e0b7085787391eb33163bc71cbd85c2fe01,upstream_rejected,regulatory_filing,2026-03-02,f6k_030226,2026-07-26T10:31:10Z,2026-07-28T08:22:29Z
urn:company-wiki:document:sha256:156fe15bdbafdf78a01318898187475645fec94df0308e963aaec23f197b6c36,urn:company-wiki:source:sha256:156fe15bdbafdf78a01318898187475645fec94df0308e963aaec23f197b6c36,upstream_rejected,regulatory_filing,2026-03-09,f6k_030926,2026-07-26T10:31:10Z,2026-07-28T08:22:29Z
urn:company-wiki:document:sha256:507172cc9db5ea8f21c3f8329a59711cfa1d752bdc1735a3e29c6ebf78142e78,urn:company-wiki:source:sha256:507172cc9db5ea8f21c3f8329a59711cfa1d752bdc1735a3e29c6ebf78142e78,upstream_rejected,regulatory_filing,2026-03-17,f6k_031626,2026-07-26T10:31:10Z,2026-07-28T08:22:29Z
urn:company-wiki:document:sha256:d0cc4a76a7ab3a2944ca019213f006bbfb9969e89f66366585c37bc96d7c2333,urn:company-wiki:source:sha256:d0cc4a76a7ab3a2944ca019213f006bbfb9969e89f66366585c37bc96d7c2333,upstream_rejected,regulatory_filing,2026-03-20,f6k_031926,2026-07-26T10:31:10Z,2026-07-28T08:22:29Z
urn:company-wiki:document:sha256:acdf6a01199576e702b40c44b807ae0127ba38eea67ab3c6cd2947af2f993e80,urn:company-wiki:source:sha256:acdf6a01199576e702b40c44b807ae0127ba38eea67ab3c6cd2947af2f993e80,upstream_rejected,regulatory_filing,2026-03-23,f6k_032326,2026-07-26T10:31:10Z,2026-07-28T08:22:29Z
urn:company-wiki:document:sha256:abea2466a2ffb98fc28465784b761ea01860fe8ec76cbce808cdee46f704d0e7,urn:company-wiki:source:sha256:abea2466a2ffb98fc28465784b761ea01860fe8ec76cbce808cdee46f704d0e7,upstream_rejected,regulatory_filing,2026-03-26,f6k_032626,2026-07-26T10:31:10Z,2026-07-28T08:22:29Z
urn:company-wiki:document:sha256:c4581b5e6c04572e1989ac9574c80a135e8d09a8ca38e0eace1842abfd93284e,urn:company-wiki:source:sha256:c4581b5e6c04572e1989ac9574c80a135e8d09a8ca38e0eace1842abfd93284e,upstream_rejected,regulatory_filing,2026-03-27,f6k_032626,2026-07-26T10:31:10Z,2026-07-28T08:22:29Z
urn:company-wiki:document:sha256:2f2065948b055a619a4b9e7cf239845f4f8b2847de7a6a8a0ba03a5dd7dfc499,urn:company-wiki:source:sha256:2f2065948b055a619a4b9e7cf239845f4f8b2847de7a6a8a0ba03a5dd7dfc499,upstream_rejected,regulatory_filing,2026-03-27,f6k_032726,2026-07-26T10:31:10Z,2026-07-28T08:22:29Z
urn:company-wiki:document:sha256:1b13e9f6c5b269d66449ba02f31fed64a318600ecad5b742a0d1d1eda26a64e4,urn:company-wiki:source:sha256:1b13e9f6c5b269d66449ba02f31fed64a318600ecad5b742a0d1d1eda26a64e4,upstream_rejected,regulatory_filing,2026-03-30,f6k_033026,2026-07-26T10:31:10Z,2026-07-28T08:22:29Z
urn:company-wiki:document:sha256:44fcbdf08ef344237851557c2d566915ddad0c87d58b5ac4bc1e9c9af642fed8,urn:company-wiki:source:sha256:44fcbdf08ef344237851557c2d566915ddad0c87d58b5ac4bc1e9c9af642fed8,upstream_rejected,regulatory_filing,2026-04-07,f6k_040726,2026-07-26T10:31:10Z,2026-07-28T08:22:29Z
urn:company-wiki:document:sha256:8ccad79e59ff89bee313724b1059b2061a2f9d94c946c09350b9d8257e0e2a12,urn:company-wiki:source:sha256:8ccad79e59ff89bee313724b1059b2061a2f9d94c946c09350b9d8257e0e2a12,upstream_rejected,regulatory_filing,2026-04-13,f6k_041326,2026-07-26T10:31:10Z,2026-07-28T08:22:29Z
urn:company-wiki:document:sha256:87b0b5143d959bff7befdc92fab0256029b06e135b1f2c7b5747b13ce5e1bed2,urn:company-wiki:source:sha256:87b0b5143d959bff7befdc92fab0256029b06e135b1f2c7b5747b13ce5e1bed2,upstream_rejected,regulatory_filing,2026-04-20,f6k_042026,2026-07-26T10:31:10Z,2026-07-28T08:22:29Z
urn:company-wiki:document:sha256:5a2e776e0daaf20ca648f499edfde97db315cf9dcfc052c24d84b5d63560b95b,urn:company-wiki:source:sha256:5a2e776e0daaf20ca648f499edfde97db315cf9dcfc052c24d84b5d63560b95b,upstream_rejected,regulatory_filing,2026-04-20,f6k_042026,2026-07-26T10:31:10Z,2026-07-28T08:22:29Z
urn:company-wiki:document:sha256:5e0c24bf7bb40392a0820301c871d14af8e1a346a218a7fe2e3545245737bc95,urn:company-wiki:source:sha256:5e0c24bf7bb40392a0820301c871d14af8e1a346a218a7fe2e3545245737bc95,upstream_rejected,regulatory_filing,2026-04-27,f6k_042726,2026-07-26T10:31:10Z,2026-07-28T08:22:29Z
urn:company-wiki:document:sha256:9a60e2485d53a2c68a113913f7c5d7ad9b581c74e36d65d4d97cca08f658d2d2,urn:company-wiki:source:sha256:9a60e2485d53a2c68a113913f7c5d7ad9b581c74e36d65d4d97cca08f658d2d2,upstream_rejected,regulatory_filing,2026-05-05,f6k_050526,2026-07-26T10:31:10Z,2026-07-28T08:22:29Z
urn:company-wiki:document:sha256:b059de4af288844928ef03652d6b5bb4311363d79dde5976ce988b4340e2a506,urn:company-wiki:source:sha256:b059de4af288844928ef03652d6b5bb4311363d79dde5976ce988b4340e2a506,upstream_rejected,regulatory_filing,2026-05-13,f6k_051226,2026-07-26T10:31:10Z,2026-07-28T08:22:29Z
urn:company-wiki:document:sha256:42fd0d512a26fb66430395fee9f0df9c7c5daa8b22b2cd1254a749bb9046df12,urn:company-wiki:source:sha256:42fd0d512a26fb66430395fee9f0df9c7c5daa8b22b2cd1254a749bb9046df12,upstream_rejected,regulatory_filing,2026-05-18,f6k_051826,2026-07-26T10:31:10Z,2026-07-28T08:22:29Z
urn:company-wiki:document:sha256:ecaa5c9998a88c80d0063ea0fc8c7c945948e3a1034e3698e1791c45804866ae,urn:company-wiki:source:sha256:ecaa5c9998a88c80d0063ea0fc8c7c945948e3a1034e3698e1791c45804866ae,upstream_rejected,regulatory_filing,2026-05-22,f6k_052226,2026-07-26T10:31:10Z,2026-07-28T08:22:29Z
urn:company-wiki:document:sha256:f90cc2f49ab5c3cee860718e190517c047f4aaf06b4e00b41530d8bb7043f1bc,urn:company-wiki:source:sha256:f90cc2f49ab5c3cee860718e190517c047f4aaf06b4e00b41530d8bb7043f1bc,upstream_rejected,regulatory_filing,2026-05-22,f6k_052226,2026-07-26T10:31:10Z,2026-07-28T08:22:29Z
urn:company-wiki:document:sha256:76c86fa0fd86dbf2a12a40185b4b6addabc0a0daf37fdbad19150ca72f2a0a86,urn:company-wiki:source:sha256:76c86fa0fd86dbf2a12a40185b4b6addabc0a0daf37fdbad19150ca72f2a0a86,upstream_rejected,regulatory_filing,2026-05-27,f6k_052626,2026-07-26T10:31:10Z,2026-07-28T08:22:29Z
urn:company-wiki:document:sha256:067d139d741aa1d02c23a688b57758dbbbc2ccf64f38d91bcc379fd208656455,urn:company-wiki:source:sha256:067d139d741aa1d02c23a688b57758dbbbc2ccf64f38d91bcc379fd208656455,upstream_rejected,regulatory_filing,2026-06-01,f6k_060126,2026-07-26T10:31:10Z,2026-07-28T08:22:29Z
urn:company-wiki:document:sha256:27b3e8b52cf4868e68cb881e95d952c0fc5121fd38294a13b10e17b4d729a608,urn:company-wiki:source:sha256:27b3e8b52cf4868e68cb881e95d952c0fc5121fd38294a13b10e17b4d729a608,upstream_rejected,regulatory_filing,2026-06-08,f6k_060826,2026-07-26T10:31:10Z,2026-07-28T08:22:29Z
urn:company-wiki:document:sha256:86e2e8b1a3b0171df435277295c5fbd7de33463afbc9b078714a9bbedb4f1538,urn:company-wiki:source:sha256:86e2e8b1a3b0171df435277295c5fbd7de33463afbc9b078714a9bbedb4f1538,upstream_rejected,regulatory_filing,2024-05-02,caq12024,2026-07-26T10:31:10Z,2026-07-28T08:22:29Z
urn:company-wiki:document:sha256:a965db61f41d0a450b0b8aea09d15d9a424f6282ca4cd4e8e07dfe50007446c4,urn:company-wiki:source:sha256:a965db61f41d0a450b0b8aea09d15d9a424f6282ca4cd4e8e07dfe50007446c4,upstream_rejected,regulatory_filing,2024-08-07,caq22024,2026-07-26T10:31:10Z,2026-07-28T08:22:29Z
urn:company-wiki:document:sha256:ba06652a14cb562220b6e7665b49ca03f3116b3308a93e269eedf94b2a586e21,urn:company-wiki:source:sha256:ba06652a14cb562220b6e7665b49ca03f3116b3308a93e269eedf94b2a586e21,upstream_rejected,regulatory_filing,2024-11-06,caq32024,2026-07-26T10:31:10Z,2026-07-28T08:22:29Z
urn:company-wiki:document:sha256:1db86ad8106cd3a62c28dd963c1af6d04e88d1977ccb18fc32c7e24e708cfc5b,urn:company-wiki:source:sha256:1db86ad8106cd3a62c28dd963c1af6d04e88d1977ccb18fc32c7e24e708cfc5b,upstream_rejected,regulatory_filing,2025-02-05,novonordiskremunerationr,2026-07-26T10:31:10Z,2026-07-28T08:22:29Z
urn:company-wiki:document:sha256:d6f4e88fcf6166e225b419ec67cdddbe26b7279debb996f3b1d218504549204b,urn:company-wiki:source:sha256:d6f4e88fcf6166e225b419ec67cdddbe26b7279debb996f3b1d218504549204b,upstream_rejected,regulatory_filing,2025-02-05,irannotice2024,2026-07-26T10:31:10Z,2026-07-28T08:22:29Z
urn:company-wiki:document:sha256:637684dd1e0cb917be377bfca956eab4544ba931e98c9d45068c51df32a3fd1c,urn:company-wiki:source:sha256:637684dd1e0cb917be377bfca956eab4544ba931e98c9d45068c51df32a3fd1c,upstream_rejected,regulatory_filing,2025-02-05,caq42024,2026-07-26T10:31:10Z,2026-07-28T08:22:29Z
urn:company-wiki:document:sha256:aed9411f780f894acb7d88ae661d04f5697e75ba213469cacc0aaf5353278bcf,urn:company-wiki:source:sha256:aed9411f780f894acb7d88ae661d04f5697e75ba213469cacc0aaf5353278bcf,upstream_rejected,regulatory_filing,2025-05-07,caq12025,2026-07-26T10:31:10Z,2026-07-28T08:22:29Z
urn:company-wiki:document:sha256:4e73a3b944ea5f60bc2260fd3723ef4ca79d8c14eb3d0640700f3ef8eba23834,urn:company-wiki:source:sha256:4e73a3b944ea5f60bc2260fd3723ef4ca79d8c14eb3d0640700f3ef8eba23834,upstream_rejected,regulatory_filing,2025-08-06,caq22025,2026-07-26T10:31:10Z,2026-07-28T08:22:29Z
urn:company-wiki:document:sha256:6883e2cfbbcf7eacac8029b690af77bb096045914dde71249d7ac25a0abb6fee,urn:company-wiki:source:sha256:6883e2cfbbcf7eacac8029b690af77bb096045914dde71249d7ac25a0abb6fee,upstream_rejected,regulatory_filing,2024-10-24,tm2426788d1_99-1,2026-07-26T10:31:10Z,2026-07-28T08:22:29Z
urn:company-wiki:document:sha256:f4d0174687348adca2dbd197f0042e9417b86b757ef84f3c25eaa3b584adae28,urn:company-wiki:source:sha256:f4d0174687348adca2dbd197f0042e9417b86b757ef84f3c25eaa3b584adae28,upstream_rejected,regulatory_filing,2025-10-30,tm2529819d1_ex99-1,2026-07-26T10:31:10Z,2026-07-28T08:22:29Z
urn:company-wiki:document:sha256:4da696c039f1c5a807e046be356e3e0c0fbe258556602eb6add7e7d8fe43113b,urn:company-wiki:source:sha256:4da696c039f1c5a807e046be356e3e0c0fbe258556602eb6add7e7d8fe43113b,upstream_rejected,regulatory_filing,2024-04-22,d763322dex991,2026-07-26T10:31:10Z,2026-07-28T08:22:29Z
urn:company-wiki:document:sha256:038c9b2c8784fc9ffa2e80d7015a15de356e4b8f40a901d15c36a37a15ccf00b,urn:company-wiki:source:sha256:038c9b2c8784fc9ffa2e80d7015a15de356e4b8f40a901d15c36a37a15ccf00b,upstream_rejected,regulatory_filing,2024-06-06,d54576dex991,2026-07-26T10:31:10Z,2026-07-28T08:22:29Z
urn:company-wiki:document:sha256:473636fa6cef5c4611fb332544f3a7b23d624ef6f12287dc9a0f5050902ee65f,urn:company-wiki:source:sha256:473636fa6cef5c4611fb332544f3a7b23d624ef6f12287dc9a0f5050902ee65f,upstream_rejected,regulatory_filing,2024-12-23,d918009dex991,2026-07-26T10:31:10Z,2026-07-28T08:22:29Z
urn:company-wiki:document:sha256:b837f51261cd870a198a89b91a7a231f6e3e672fea312ea52b492e2497205621,urn:company-wiki:source:sha256:b837f51261cd870a198a89b91a7a231f6e3e672fea312ea52b492e2497205621,upstream_rejected,regulatory_filing,2025-02-11,d792786dex991,2026-07-26T10:31:10Z,2026-07-28T08:22:29Z
urn:company-wiki:document:sha256:e1fd6eb59842695d382d8878d651ad2f74a0b826456c5c79aa4a1a78be73b329,urn:company-wiki:source:sha256:e1fd6eb59842695d382d8878d651ad2f74a0b826456c5c79aa4a1a78be73b329,upstream_rejected,regulatory_filing,2025-02-13,d937497dex991,2026-07-26T10:31:10Z,2026-07-28T08:22:29Z
urn:company-wiki:document:sha256:10df1e5775cbe0928e3897a7704073c6d791279ec705047c25b8866722302cd1,urn:company-wiki:source:sha256:10df1e5775cbe0928e3897a7704073c6d791279ec705047c25b8866722302cd1,upstream_rejected,regulatory_filing,2025-02-26,d909188dex991,2026-07-26T10:31:10Z,2026-07-28T08:22:29Z
urn:company-wiki:document:sha256:5031fe6818f1153bd5145f12524ad1ecd4e10416d535004aba914e7c98684e88,urn:company-wiki:source:sha256:5031fe6818f1153bd5145f12524ad1ecd4e10416d535004aba914e7c98684e88,upstream_rejected,regulatory_filing,2025-03-05,d907475dex991,2026-07-26T10:31:10Z,2026-07-28T08:22:29Z
urn:company-wiki:document:sha256:5009b8bdd1a5745ee5ff6970052c0bfbbb5cb458d1ed8b632883bae4b4bcc47c,urn:company-wiki:source:sha256:5009b8bdd1a5745ee5ff6970052c0bfbbb5cb458d1ed8b632883bae4b4bcc47c,upstream_rejected,regulatory_filing,2025-03-06,d866220dex991,2026-07-26T10:31:10Z,2026-07-28T08:22:29Z
urn:company-wiki:document:sha256:0a48265b9870e3184943bd578aa66657778e8fb48c8eb9aaa698bc2deb76f170,urn:company-wiki:source:sha256:0a48265b9870e3184943bd578aa66657778e8fb48c8eb9aaa698bc2deb76f170,upstream_rejected,regulatory_filing,2025-03-10,d920322dex991,2026-07-26T10:31:10Z,2026-07-28T08:22:29Z
urn:company-wiki:document:sha256:97773264c13383dd922c1a59682e7ad7836df43a67d8f85db4830b5c2a61a6e0,urn:company-wiki:source:sha256:97773264c13383dd922c1a59682e7ad7836df43a67d8f85db4830b5c2a61a6e0,upstream_rejected,regulatory_filing,2025-03-18,d835636dex991,2026-07-26T10:31:10Z,2026-07-28T08:22:29Z
urn:company-wiki:document:sha256:6310d74f65659ae5f0ea9d18fa6b41e014391ba4dc6cdb50f26a31f618483b64,urn:company-wiki:source:sha256:6310d74f65659ae5f0ea9d18fa6b41e014391ba4dc6cdb50f26a31f618483b64,upstream_rejected,regulatory_filing,2025-03-21,d835628dex991,2026-07-26T10:31:10Z,2026-07-28T08:22:29Z
urn:company-wiki:document:sha256:80a2c188da849c60f3af470bb2d073836591e627d7a1df350223b7a78b5da4cb,urn:company-wiki:source:sha256:80a2c188da849c60f3af470bb2d073836591e627d7a1df350223b7a78b5da4cb,upstream_rejected,regulatory_filing,2025-04-16,d937307dex991,2026-07-26T10:31:10Z,2026-07-28T08:22:29Z
urn:company-wiki:document:sha256:de0eda9a4ecc02539133c21dfeea5df43cc234b34c6fa54c82ef82fdead8dd1f,urn:company-wiki:source:sha256:de0eda9a4ecc02539133c21dfeea5df43cc234b34c6fa54c82ef82fdead8dd1f,upstream_rejected,regulatory_filing,2025-06-05,d918669dex991,2026-07-26T10:31:10Z,2026-07-28T08:22:29Z
urn:company-wiki:document:sha256:10fd4eba3e7809bdb4a65fad3fb496ac7b6451d7d16df1d86a059cc15a67a5ae,urn:company-wiki:source:sha256:10fd4eba3e7809bdb4a65fad3fb496ac7b6451d7d16df1d86a059cc15a67a5ae,upstream_rejected,regulatory_filing,2025-08-15,d785573dex991,2026-07-26T10:31:10Z,2026-07-28T08:22:29Z
urn:company-wiki:document:sha256:ab783def47006ad8b72affa74af1fa82866407c8b3b76889571616784c6cb9da,urn:company-wiki:source:sha256:ab783def47006ad8b72affa74af1fa82866407c8b3b76889571616784c6cb9da,upstream_rejected,regulatory_filing,2025-09-04,d54308dex991,2026-07-26T10:31:10Z,2026-07-28T08:22:29Z
urn:company-wiki:document:sha256:505a87a699747b3661ae711ce980ccf95cc74c3b66aa109cfc128b5713d562ee,urn:company-wiki:source:sha256:505a87a699747b3661ae711ce980ccf95cc74c3b66aa109cfc128b5713d562ee,upstream_rejected,regulatory_filing,2025-11-14,d34292dex991,2026-07-26T10:31:10Z,2026-07-28T08:22:29Z
urn:company-wiki:document:sha256:0769bd688285143de1b19ca54ecba1e1ddc4e2f66370bea403cc1304ae457979,urn:company-wiki:source:sha256:0769bd688285143de1b19ca54ecba1e1ddc4e2f66370bea403cc1304ae457979,upstream_rejected,regulatory_filing,2026-02-25,d113350dex991,2026-07-26T10:31:10Z,2026-07-28T08:22:29Z
urn:company-wiki:document:sha256:da00c27d49651f0ab7fea7554f07b0d60bb231242ddf137fdf1a0b6ebe081ad1,urn:company-wiki:source:sha256:da00c27d49651f0ab7fea7554f07b0d60bb231242ddf137fdf1a0b6ebe081ad1,upstream_rejected,regulatory_filing,2026-03-02,d86793dex991,2026-07-26T10:31:10Z,2026-07-28T08:22:29Z
urn:company-wiki:document:sha256:05a8a5203e780c98826fd1e0e738b40da33c8d605e09028f4290a743e4c90153,urn:company-wiki:source:sha256:05a8a5203e780c98826fd1e0e738b40da33c8d605e09028f4290a743e4c90153,upstream_rejected,regulatory_filing,2026-03-04,d50825dex991,2026-07-26T10:31:10Z,2026-07-28T08:22:29Z
urn:company-wiki:document:sha256:4da9e07e126952529d8931c8f952decb9e2e6906ea1f79bf0369d7f3b208d6f8,urn:company-wiki:source:sha256:4da9e07e126952529d8931c8f952decb9e2e6906ea1f79bf0369d7f3b208d6f8,upstream_rejected,regulatory_filing,2026-03-05,d262639dex991,2026-07-26T10:31:10Z,2026-07-28T08:22:29Z
urn:company-wiki:document:sha256:0999d23c452c0f3443d65f4e95f2f999251de00faf94f81803f753953e09477d,urn:company-wiki:source:sha256:0999d23c452c0f3443d65f4e95f2f999251de00faf94f81803f753953e09477d,upstream_rejected,regulatory_filing,2026-03-16,d248976dex991,2026-07-26T10:31:10Z,2026-07-28T08:22:29Z
urn:company-wiki:document:sha256:0dda2de25d4546c2a910608f3c95b1bc7a2dc72bd75e57b0b3016a5f308a47ab,urn:company-wiki:source:sha256:0dda2de25d4546c2a910608f3c95b1bc7a2dc72bd75e57b0b3016a5f308a47ab,upstream_rejected,regulatory_filing,2026-04-14,d136508dex991,2026-07-26T10:31:10Z,2026-07-28T08:22:29Z
urn:company-wiki:document:sha256:c33eaa72009b364b5c4563fcebe7ae02f26187d842f3602b3345e8d0330cd502,urn:company-wiki:source:sha256:c33eaa72009b364b5c4563fcebe7ae02f26187d842f3602b3345e8d0330cd502,upstream_rejected,regulatory_filing,2026-04-16,d100511dex991,2026-07-26T10:31:10Z,2026-07-28T08:22:29Z
urn:company-wiki:document:sha256:eded2b26631deed86933af7169917403c7767b3ed8c67552b7e9fe98ccbcb2d4,urn:company-wiki:source:sha256:eded2b26631deed86933af7169917403c7767b3ed8c67552b7e9fe98ccbcb2d4,upstream_rejected,regulatory_filing,2026-04-29,d130574dex991,2026-07-26T10:31:10Z,2026-07-28T08:22:29Z
urn:company-wiki:document:sha256:10b839eb6f748f9fd989410933c0155f0f3f34417bf3801f3e36d99883412393,urn:company-wiki:source:sha256:10b839eb6f748f9fd989410933c0155f0f3f34417bf3801f3e36d99883412393,upstream_rejected,regulatory_filing,2026-04-30,d105365dex991,2026-07-26T10:31:10Z,2026-07-28T08:22:29Z
urn:company-wiki:document:sha256:b72bf67ffeea1bbcfa0a97325373fa7f24a3de30a380b972891dadcbdda77b5b,urn:company-wiki:source:sha256:b72bf67ffeea1bbcfa0a97325373fa7f24a3de30a380b972891dadcbdda77b5b,upstream_rejected,regulatory_filing,2026-05-04,d139216dex991,2026-07-26T10:31:10Z,2026-07-28T08:22:29Z
urn:company-wiki:document:sha256:2f0474c885ae24e8edfc0dd2c4294c53d4f88cf49c109dc5ec7ad60b6a3c2616,urn:company-wiki:source:sha256:2f0474c885ae24e8edfc0dd2c4294c53d4f88cf49c109dc5ec7ad60b6a3c2616,upstream_rejected,regulatory_filing,2026-05-04,d336358dex991,2026-07-26T10:31:10Z,2026-07-28T08:22:29Z
urn:company-wiki:document:sha256:0bc362672ba595f8a2c1cb06ab63c8100d87c0cfed0575c04370f69f3bb1aa22,urn:company-wiki:source:sha256:0bc362672ba595f8a2c1cb06ab63c8100d87c0cfed0575c04370f69f3bb1aa22,upstream_rejected,regulatory_filing,2026-06-11,d78312dex991,2026-07-26T10:31:10Z,2026-07-28T08:22:29Z
